7,8.0
7,2.0
5,5.0
7,3.0
7,6.0
5,5.0
7,8.0
7,3.0
7,3.0
7,8.0
8,9.0
7,7.0
8,8.0
8,9.0
4,4.0
8,8.0
7,8.0
7,8.0
5,5.0
8,8.0
7,8.0
7,3.0
7,8.0
7,3.0
7,7.0
8,8.0
7,7.0
8,9.0
7,7.0
6,6.0
7,7.0
7,8.0
8,8.0
4,4.0
7,3.0
5,5.0
7,8.0
5,5.0
7,6.0
8,8.0
6,6.0
6,6.0
8,8.0
8,8.0
6,6.0
8,9.0
7,3.0
5,5.0
4,4.0
7,6.0
6,6.0
7,7.0
5,5.0
8,8.0
7,6.0
7,2.0
8,9.0
4,4.0
7,7.0
8,9.0
5,5.0
5,5.0
8,9.0
5,5.0
7,8.0
8,1.0
4,4.0
7,2.0
7,7.0
8,9.0
4,4.0
4,4.0
4,4.0
7,8.0
7,2.0
8,9.0
4,4.0
7,8.0
4,4.0
7,6.0
6,6.0
6,6.0
6,6.0
7,3.0
7,3.0
8,8.0
8,8.0
7,3.0
7,8.0
8,9.0
6,6.0
7,7.0
8,9.0
7,8.0
7,8.0
5,5.0
7,7.0
8,9.0
7,7.0
7,8.0
6,6.0
7,7.0
6,6.0
7,8.0
7,3.0
8,9.0
7,7.0
7,8.0
6,6.0
7,7.0
7,7.0
5,5.0
7,6.0
7,8.0
7,8.0
7,8.0
5,5.0
5,5.0
7,7.0
7,8.0
7,7.0
7,7.0
7,7.0
6,6.0
7,8.0
7,2.0
8,9.0
4,4.0
8,9.0
7,3.0
7,3.0
4,4.0
8,9.0
5,5.0
7,8.0
7,7.0
8,9.0
8,8.0
4,4.0
6,6.0
6,6.0
7,8.0
4,4.0
7,8.0
5,5.0
8,9.0
8,9.0
7,6.0
8,8.0
5,5.0
8,9.0
8,1.0
7,7.0
7,3.0
7,7.0
8,9.0
7,7.0
7,2.0
5,5.0
5,5.0
7,8.0
7,3.0
8,9.0
8,9.0
7,7.0
6,6.0
6,6.0
5,5.0
7,6.0
8,9.0
7,7.0
8,1.0
7,7.0
7,6.0
8,9.0
8,1.0
8,9.0
8,8.0
5,5.0
8,9.0
7,8.0
5,5.0
7,2.0
6,6.0
7,2.0
7,7.0
7,3.0
8,9.0
8,8.0
7,3.0
7,7.0
7,7.0
8,9.0
7,3.0
7,2.0
5,5.0
6,6.0
8,9.0
8,9.0
7,7.0
8,9.0
7,8.0
5,5.0
4,4.0
5,5.0
8,9.0
7,8.0
7,7.0
8,8.0
8,9.0
7,7.0
8,9.0
7,3.0
8,1.0
7,3.0
6,6.0
8,9.0
4,4.0
8,9.0
4,4.0
7,8.0
7,7.0
8,8.0
8,8.0
8,8.0
5,5.0
8,9.0
8,9.0
8,9.0
7,7.0
5,5.0
6,6.0
8,8.0
8,9.0
7,8.0
8,8.0
6,6.0
8,9.0
7,8.0
5,5.0
7,7.0
7,7.0
8,9.0
8,9.0
7,7.0
8,9.0
7,6.0
8,9.0
7,7.0
7,7.0
7,3.0
6,6.0
8,9.0
6,6.0
5,5.0
4,4.0
7,7.0
7,7.0
5,5.0
7,7.0
7,7.0
7,7.0
5,5.0
7,7.0
7,7.0
7,8.0
8,9.0
7,8.0
7,7.0
7,7.0
5,5.0
7,7.0
6,6.0
8,9.0
8,9.0
8,8.0
7,8.0
4,4.0
7,7.0
7,7.0
6,6.0
4,4.0
8,9.0
5,5.0
5,5.0
7,3.0
8,1.0
7,7.0
7,3.0
7,8.0
8,9.0
6,6.0
6,6.0
7,7.0
7,7.0
8,9.0
6,6.0
8,9.0
7,7.0
6,6.0
7,7.0
6,6.0
8,9.0
7,8.0
5,5.0
7,7.0
8,8.0
4,4.0
7,7.0
8,9.0
6,6.0
5,5.0
7,6.0
7,8.0
8,8.0
8,9.0
4,4.0
6,6.0
7,2.0
6,6.0
8,9.0
7,3.0
4,4.0
4,4.0
7,7.0
7,7.0
7,3.0
4,4.0
7,7.0
7,8.0
8,9.0
4,4.0
7,2.0
7,8.0
7,7.0
5,5.0
8,9.0
7,6.0
7,8.0
7,2.0
8,9.0
8,9.0
8,9.0
8,8.0
6,6.0
7,7.0
7,7.0
7,7.0
8,9.0
8,9.0
7,7.0
6,6.0
6,6.0
6,6.0
8,9.0
7,8.0
6,6.0
4,4.0
8,9.0
7,3.0
7,7.0
4,4.0
5,5.0
8,1.0
7,3.0
8,8.0
7,6.0
7,3.0
8,8.0
8,1.0
8,9.0
7,7.0
4,4.0
4,4.0
7,2.0
8,9.0
4,4.0
6,6.0
8,9.0
6,6.0
7,3.0
4,4.0
5,5.0
7,8.0
6,6.0
8,9.0
8,9.0
8,9.0
7,6.0
5,5.0
7,2.0
7,7.0
7,3.0
8,8.0
7,3.0
7,3.0
8,9.0
7,7.0
6,6.0
7,3.0
7,3.0
4,4.0
7,7.0
8,9.0
7,3.0
7,7.0
6,6.0
7,7.0
7,7.0
5,5.0
7,2.0
7,2.0
4,4.0
8,9.0
4,4.0
5,5.0
7,8.0
5,5.0
8,1.0
7,7.0
7,2.0
8,9.0
7,8.0
7,3.0
5,5.0
4,4.0
7,7.0
7,8.0
7,6.0
7,7.0
5,5.0
8,9.0
8,8.0
6,6.0
8,8.0
4,4.0
7,7.0
7,7.0
7,8.0
8,9.0
6,6.0
8,9.0
7,7.0
8,8.0
7,7.0
5,5.0
5,5.0
5,5.0
7,7.0
7,8.0
5,5.0
7,2.0
7,6.0
8,9.0
7,8.0
4,4.0
6,6.0
8,9.0
7,7.0
7,7.0
7,8.0
7,8.0
6,6.0
7,8.0
7,7.0
5,5.0
6,6.0
8,8.0
4,4.0
7,2.0
6,6.0
6,6.0
8,9.0
6,6.0
4,4.0
8,9.0
8,9.0
8,9.0
6,6.0
8,9.0
8,9.0
8,8.0
8,9.0
6,6.0
5,5.0
4,4.0
8,9.0
5,5.0
4,4.0
7,7.0
7,8.0
7,8.0
7,8.0
7,7.0
7,8.0
7,3.0
7,7.0
8,9.0
6,6.0
5,5.0
6,6.0
8,9.0
8,9.0
8,1.0
4,4.0
5,5.0
5,5.0
8,9.0
4,4.0
7,8.0
8,9.0
7,7.0
8,1.0
4,4.0
7,2.0
4,4.0
7,8.0
7,3.0
7,7.0
4,4.0
7,8.0
8,9.0
7,7.0
6,6.0
7,3.0
8,9.0
7,7.0
8,8.0
7,7.0
7,3.0
8,9.0
5,5.0
7,8.0
7,8.0
5,5.0
7,7.0
5,5.0
8,9.0
7,8.0
5,5.0
6,6.0
5,5.0
4,4.0
8,9.0
8,8.0
8,9.0
6,6.0
7,8.0
5,5.0
4,4.0
6,6.0
6,6.0
8,8.0
6,6.0
7,7.0
4,4.0
6,6.0
7,7.0
8,8.0
8,9.0
8,1.0
8,8.0
5,5.0
8,8.0
7,7.0
5,5.0
8,8.0
8,9.0
7,7.0
6,6.0
7,7.0
5,5.0
5,5.0
5,5.0
6,6.0
6,6.0
7,7.0
8,9.0
5,5.0
7,6.0
4,4.0
7,2.0
8,9.0
8,9.0
7,2.0
8,9.0
8,9.0
7,7.0
4,4.0
4,4.0
8,9.0
7,8.0
8,9.0
8,9.0
8,8.0
7,7.0
8,9.0
4,4.0
7,8.0
8,9.0
7,6.0
7,8.0
7,7.0
7,8.0
6,6.0
5,5.0
4,4.0
5,5.0
4,4.0
4,4.0
8,9.0
7,7.0
6,6.0
5,5.0
7,3.0
5,5.0
7,7.0
6,6.0
7,3.0
8,9.0
7,7.0
7,7.0
4,4.0
8,9.0
5,5.0
7,8.0
7,3.0
7,7.0
4,4.0
8,9.0
5,5.0
7,7.0
8,9.0
6,6.0
7,3.0
8,9.0
8,8.0
7,7.0
6,6.0
8,9.0
7,8.0
6,6.0
7,3.0
8,8.0
8,9.0
6,6.0
7,7.0
7,6.0
7,7.0
4,4.0
5,5.0
7,8.0
8,9.0
8,9.0
6,6.0
8,8.0
7,2.0
8,8.0
7,7.0
5,5.0
7,3.0
7,2.0
5,5.0
8,9.0
4,4.0
8,9.0
4,4.0
7,3.0
5,5.0
5,5.0
8,9.0
7,7.0
5,5.0
4,4.0
7,7.0
4,4.0
7,6.0
7,8.0
4,4.0
7,7.0
4,4.0
7,3.0
7,8.0
7,8.0
4,4.0
5,5.0
8,1.0
8,9.0
5,5.0
7,2.0
7,8.0
6,6.0
5,5.0
8,9.0
8,9.0
8,9.0
6,6.0
7,6.0
8,9.0
6,6.0
5,5.0
4,4.0
7,8.0
4,4.0
7,2.0
8,9.0
8,9.0
6,6.0
8,9.0
8,8.0
7,7.0
7,8.0
7,7.0
8,9.0
4,4.0
7,7.0
7,8.0
6,6.0
7,7.0
6,6.0
7,2.0
7,3.0
8,9.0
6,6.0
8,9.0
8,9.0
5,5.0
5,5.0
8,1.0
4,4.0
4,4.0
7,3.0
7,7.0
5,5.0
6,6.0
5,5.0
7,7.0
8,9.0
7,7.0
7,7.0
4,4.0
8,9.0
7,7.0
7,7.0
5,5.0
7,3.0
6,6.0
8,9.0
7,2.0
7,8.0
5,5.0
7,3.0
7,7.0
7,3.0
7,7.0
7,7.0
7,2.0
7,3.0
7,8.0
8,9.0
6,6.0
7,8.0
4,4.0
7,7.0
6,6.0
7,7.0
7,8.0
8,9.0
8,9.0
8,8.0
8,9.0
8,9.0
8,9.0
8,9.0
4,4.0
7,7.0
8,9.0
8,9.0
7,8.0
7,3.0
8,9.0
4,4.0
6,6.0
4,4.0
5,5.0
7,7.0
7,7.0
8,9.0
6,6.0
8,8.0
7,2.0
7,8.0
5,5.0
6,6.0
7,7.0
8,9.0
4,4.0
7,8.0
5,5.0
8,8.0
7,8.0
6,6.0
8,9.0
8,9.0
8,8.0
7,2.0
6,6.0
5,5.0
6,6.0
7,3.0
8,9.0
7,3.0
7,3.0
7,6.0
7,7.0
6,6.0
4,4.0
6,6.0
7,8.0
7,3.0
7,2.0
8,9.0
7,8.0
5,5.0
8,1.0
7,2.0
8,9.0
8,8.0
7,7.0
7,6.0
8,9.0
8,9.0
8,9.0
7,8.0
7,3.0
8,9.0
7,8.0
4,4.0
6,6.0
5,5.0
7,7.0
7,7.0
7,7.0
4,4.0
8,9.0
7,6.0
7,3.0
7,8.0
4,4.0
8,9.0
8,9.0
7,8.0
7,7.0
6,6.0
8,9.0
8,9.0
8,9.0
7,3.0
7,6.0
7,2.0
8,8.0
6,6.0
8,9.0
8,8.0
7,3.0
7,8.0
7,7.0
7,8.0
5,5.0
8,9.0
5,5.0
8,9.0
7,3.0
7,7.0
7,7.0
7,8.0
7,3.0
8,9.0
5,5.0
5,5.0
8,9.0
7,8.0
8,9.0
8,9.0
6,6.0
7,3.0
7,8.0
7,3.0
8,8.0
7,8.0
6,6.0
7,7.0
7,8.0
7,2.0
7,7.0
6,6.0
7,7.0
7,7.0
6,6.0
7,3.0
7,3.0
8,8.0
7,8.0
4,4.0
7,3.0
8,8.0
8,9.0
7,2.0
7,7.0
8,8.0
8,9.0
8,9.0
8,9.0
6,6.0
8,9.0
7,8.0
4,4.0
6,6.0
4,4.0
8,9.0
8,8.0
5,5.0
7,2.0
8,9.0
8,8.0
6,6.0
7,3.0
4,4.0
8,8.0
7,8.0
5,5.0
7,8.0
6,6.0
8,8.0
7,8.0
7,8.0
7,2.0
7,8.0
7,7.0
8,9.0
8,9.0
8,9.0
5,5.0
4,4.0
7,7.0
8,9.0
7,7.0
4,4.0
7,2.0
7,7.0
4,4.0
6,6.0
8,8.0
4,4.0
4,4.0
8,9.0
8,9.0
7,7.0
7,8.0
8,9.0
4,4.0
8,9.0
4,4.0
8,9.0
5,5.0
5,5.0
6,6.0
6,6.0
8,9.0
8,9.0
4,4.0
5,5.0
7,8.0
7,3.0
5,5.0
7,8.0
7,7.0
6,6.0
6,6.0
7,8.0
8,9.0
5,5.0
8,9.0
5,5.0
5,5.0
5,5.0
4,4.0
7,3.0
8,1.0
4,4.0
6,6.0
7,3.0
8,9.0
7,7.0
7,7.0
6,6.0
8,8.0
7,7.0
4,4.0
8,9.0
